{
    "model_name": "CNN_6Class",
    "dataset_mode": "6class",
    "num_classes": 6,
    "classes": [
        "normal",
        "tracking_fail",
        "attack_UTD",
        "attack_TGS",
        "attack_TGD",
        "attack_MCD"
    ],
    "train_metrics": {
        "accuracy": 0.99963066922736
    },
    "val_metrics": {
        "accuracy": 0.995174077904171
    },
    "test_metrics": {
        "accuracy": 0.9944846604619096,
        "precision": 0.99457475595208,
        "recall": 0.9944846604619096,
        "f1": 0.9945036763906543
    },
    "best_val_loss": 0.011678613502736423,
    "total_epochs": 100
}