{
    "model_name": "CNN",
    "dataset_mode": "mixed",
    "dataset": "mixed",
    "train_metrics": {
        "accuracy": 0.999482936918304
    },
    "val_metrics": {
        "accuracy": 0.9962082040675629
    },
    "test_metrics": {
        "accuracy": 0.9962082040675629,
        "precision": 0.9962145399189954,
        "recall": 0.9962082040675629,
        "f1": 0.9962070968920339
    },
    "best_val_loss": 0.009630608075412817,
    "total_epochs": 100
}