{
    "model_name": "LightGBM",
    "dataset_mode": "mixed",
    "dataset": "mixed",
    "train_metrics": {
        "accuracy": 1.0,
        "precision": 1.0,
        "recall": 1.0,
        "f1": 1.0
    },
    "val_metrics": {
        "accuracy": 0.9965529127886935,
        "precision": 0.9965564048767146,
        "recall": 0.9965529127886935,
        "f1": 0.9965511434457018
    },
    "test_metrics": {
        "accuracy": 0.9982764563943468,
        "precision": 0.9982777091538892,
        "recall": 0.9982764563943468,
        "f1": 0.9982767941660429
    },
    "best_iteration": 315
}