{
    "model_name": "LSTM",
    "dataset_mode": "mixed",
    "dataset": "mixed",
    "train_metrics": {
        "accuracy": 0.9906189983749446
    },
    "val_metrics": {
        "accuracy": 0.9782833505687694
    },
    "test_metrics": {
        "accuracy": 0.9765598069631162,
        "precision": 0.976589567388764,
        "recall": 0.9765598069631162,
        "f1": 0.9765275290517877
    },
    "best_val_loss": 0.06271589838125015,
    "total_epochs": 48
}